Workbook
Name abstract: report!$A$11
Name advantages: report!$A$179
Name conclusion: report!$A$205
Name dashboard: report!$A$130
Name introduction: report!$A$16
Name limitations: report!$A$187
Name objectives: report!$A$29
Name percentage: report!$A$87

Sheet Grade Management
C1: Student Grade Management Sheet
A2: Student ID | B2: Student Name | C2: English | D2: Math | E2: Physics | F2: Chemistry | G2: Biology | H2: Computer | I2: Urdu | J2: Islamiat | K2: Statistics | L2: Economics | M2: Total | N2: Percentage | O2: Grade | P2: Status | Q2: Rank | R2: Highest | S2: Lowest | T2: Attendance %
A3: S001 | B3: Babar Ali | C3: 56 | D3: 58 | E3: 60 | F3: 62 | G3: 64 | H3: 66 | I3: 68 | J3: 70 | K3: 72 | L3: 74 | M3: =SUM(C3:L3) -> 650 | N3: =M3/1000*100 -> 65 | O3: =IF(N3>=90,"A+",IF(N3>=80,"A",IF(N3>=70,"B",IF(N3>=60,"C",IF(N3>=50,"D","F"))))) -> C | P3: =IF(N3>=50,"Pass","Fail") -> Pass | Q3: =RANK(M3,$M$3:$M$52,0) -> 46 | R3: =MAX(C3:L3) -> 74 | S3: =MIN(C3:L3) -> 56 | T3: 82
A4: S002 | B4: Saba amir | C4: 59 | D4: 62 | E4: 65 | F4: 68 | G4: 71 | H4: 74 | I4: 77 | J4: 80 | K4: 83 | L4: 86 | M4: =SUM(C4:L4) -> 725 | N4: =M4/1000*100 -> 72.5 | O4: =IF(N4>=90,"A+",IF(N4>=80,"A",IF(N4>=70,"B",IF(N4>=60,"C",IF(N4>=50,"D","F"))))) -> B | P4: =IF(N4>=50,"Pass","Fail") -> Pass | Q4: =RANK(M4,$M$3:$M$52,0) -> 39 | R4: =MAX(C4:L4) -> 86 | S4: =MIN(C4:L4) -> 59 | T4: 83
A5: S003 | B5: Hania shezad | C5: 62 | D5: 66 | E5: 70 | F5: 74 | G5: 78 | H5: 82 | I5: 86 | J5: 90 | K5: 94 | L5: 98 | M5: =SUM(C5:L5) -> 800 | N5: =M5/1000*100 -> 80 | O5: =IF(N5>=90,"A+",IF(N5>=80,"A",IF(N5>=70,"B",IF(N5>=60,"C",IF(N5>=50,"D","F"))))) -> A | P5: =IF(N5>=50,"Pass","Fail") -> Pass | Q5: =RANK(M5,$M$3:$M$52,0) -> 4 | R5: =MAX(C5:L5) -> 98 | S5: =MIN(C5:L5) -> 62 | T5: 84
A6: S004 | B6: Sarim Mustafa | C6: 65 | D6: 70 | E6: 75 | F6: 80 | G6: 85 | H6: 90 | I6: 95 | J6: 100 | K6: 54 | L6: 59 | M6: =SUM(C6:L6) -> 773 | N6: =M6/1000*100 -> 77.3 | O6: =IF(N6>=90,"A+",IF(N6>=80,"A",IF(N6>=70,"B",IF(N6>=60,"C",IF(N6>=50,"D","F"))))) -> B | P6: =IF(N6>=50,"Pass","Fail") -> Pass | Q6: =RANK(M6,$M$3:$M$52,0) -> 15 | R6: =MAX(C6:L6) -> 100 | S6: =MIN(C6:L6) -> 54 | T6: 85
A7: S005 | B7: Haris Khan | C7: 68 | D7: 74 | E7: 80 | F7: 86 | G7: 92 | H7: 98 | I7: 53 | J7: 59 | K7: 65 | L7: 71 | M7: =SUM(C7:L7) -> 746 | N7: =M7/1000*100 -> 74.6 | O7: =IF(N7>=90,"A+",IF(N7>=80,"A",IF(N7>=70,"B",IF(N7>=60,"C",IF(N7>=50,"D","F"))))) -> B | P7: =IF(N7>=50,"Pass","Fail") -> Pass | Q7: =RANK(M7,$M$3:$M$52,0) -> 28 | R7: =MAX(C7:L7) -> 98 | S7: =MIN(C7:L7) -> 53 | T7: 86
A8: S006 | B8: Aiza Nabeel | C8: 71 | D8: 78 | E8: 85 | F8: 92 | G8: 99 | H8: 55 | I8: 62 | J8: 69 | K8: 76 | L8: 83 | M8: =SUM(C8:L8) -> 770 | N8: =M8/1000*100 -> 77 | O8: =IF(N8>=90,"A+",IF(N8>=80,"A",IF(N8>=70,"B",IF(N8>=60,"C",IF(N8>=50,"D","F"))))) -> B | P8: =IF(N8>=50,"Pass","Fail") -> Pass | Q8: =RANK(M8,$M$3:$M$52,0) -> 16 | R8: =MAX(C8:L8) -> 99 | S8: =MIN(C8:L8) -> 55 | T8: 87
A9: S007 | B9: Farzan Ahmed | C9: 74 | D9: 82 | E9: 90 | F9: 98 | G9: 55 | H9: 63 | I9: 71 | J9: 79 | K9: 87 | L9: 95 | M9: =SUM(C9:L9) -> 794 | N9: =M9/1000*100 -> 79.4 | O9: =IF(N9>=90,"A+",IF(N9>=80,"A",IF(N9>=70,"B",IF(N9>=60,"C",IF(N9>=50,"D","F"))))) -> B | P9: =IF(N9>=50,"Pass","Fail") -> Pass | Q9: =RANK(M9,$M$3:$M$52,0) -> 6 | R9: =MAX(C9:L9) -> 98 | S9: =MIN(C9:L9) -> 55 | T9: 88
A10: S008 | B10: Rehan Jawwad | C10: 77 | D10: 86 | E10: 95 | F10: 53 | G10: 62 | H10: 71 | I10: 80 | J10: 89 | K10: 98 | L10: 56 | M10: =SUM(C10:L10) -> 767 | N10: =M10/1000*100 -> 76.7 | O10: =IF(N10>=90,"A+",IF(N10>=80,"A",IF(N10>=70,"B",IF(N10>=60,"C",IF(N10>=50,"D","F"))))) -> B | P10: =IF(N10>=50,"Pass","Fail") -> Pass | Q10: =RANK(M10,$M$3:$M$52,0) -> 18 | R10: =MAX(C10:L10) -> 98 | S10: =MIN(C10:L10) -> 53 | T10: 89
A11: S009 | B11: Dua Fatima | C11: 80 | D11: 90 | E11: 100 | F11: 59 | G11: 69 | H11: 79 | I11: 89 | J11: 99 | K11: 58 | L11: 68 | M11: =SUM(C11:L11) -> 791 | N11: =M11/1000*100 -> 79.1 | O11: =IF(N11>=90,"A+",IF(N11>=80,"A",IF(N11>=70,"B",IF(N11>=60,"C",IF(N11>=50,"D","F"))))) -> B | P11: =IF(N11>=50,"Pass","Fail") -> Pass | Q11: =RANK(M11,$M$3:$M$52,0) -> 7 | R11: =MAX(C11:L11) -> 100 | S11: =MIN(C11:L11) -> 58 | T11: 90
A12: S010 | B12: Eshal Kashif | C12: 83 | D12: 94 | E12: 54 | F12: 65 | G12: 76 | H12: 87 | I12: 98 | J12: 58 | K12: 69 | L12: 80 | M12: =SUM(C12:L12) -> 764 | N12: =M12/1000*100 -> 76.4 | O12: =IF(N12>=90,"A+",IF(N12>=80,"A",IF(N12>=70,"B",IF(N12>=60,"C",IF(N12>=50,"D","F"))))) -> B | P12: =IF(N12>=50,"Pass","Fail") -> Pass | Q12: =RANK(M12,$M$3:$M$52,0) -> 19 | R12: =MAX(C12:L12) -> 98 | S12: =MIN(C12:L12) -> 54 | T12: 91
A13: S011 | B13: Hashir Khan | C13: 86 | D13: 98 | E13: 59 | F13: 71 | G13: 83 | H13: 95 | I13: 56 | J13: 68 | K13: 80 | L13: 92 | M13: =SUM(C13:L13) -> 788 | N13: =M13/1000*100 -> 78.8 | O13: =IF(N13>=90,"A+",IF(N13>=80,"A",IF(N13>=70,"B",IF(N13>=60,"C",IF(N13>=50,"D","F"))))) -> B | P13: =IF(N13>=50,"Pass","Fail") -> Pass | Q13: =RANK(M13,$M$3:$M$52,0) -> 8 | R13: =MAX(C13:L13) -> 98 | S13: =MIN(C13:L13) -> 56 | T13: 92
A14: S012 | B14: Mehwish Rehan | C14: 40 | D14: 41 | E14: 64 | F14: 48 | G14: 45 | H14: 43 | I14: 45 | J14: 47 | K14: 41 | L14: 53 | M14: =SUM(C14:L14) -> 467 | N14: =M14/1000*100 -> 46.7 | O14: =IF(N14>=90,"A+",IF(N14>=80,"A",IF(N14>=70,"B",IF(N14>=60,"C",IF(N14>=50,"D","F"))))) -> F | P14: =IF(N14>=50,"Pass","Fail") -> Fail | Q14: =RANK(M14,$M$3:$M$52,0) -> 49 | R14: =MAX(C14:L14) -> 64 | S14: =MIN(C14:L14) -> 40 | T14: 93
... A52: S050 | B52: Kabeer Ahmed | C52: 50 | D52: 49 | E52: 50 | F52: 46 | G52: 50 | H52: 45 | I52: 50 | J52: 50 | K52: 44 | L52: 50 | M52: =SUM(C52:L52) -> 484 | N52: =M52/1000*100 -> 48.4 | O52: =IF(N52>=90,"A+",IF(N52>=80,"A",IF(N52>=70,"B",IF(N52>=60,"C",IF(N52>=50,"D","F"))))) -> F | P52: =IF(N52>=50,"Pass","Fail") -> Fail | Q52: =RANK(M52,$M$3:$M$52,0) -> 48 | R52: =MAX(C52:L52) -> 50 | S52: =MIN(C52:L52) -> 44 | T52: 89

Sheet Dashboard
A1: Student Performance Dashboard | D1: Subject | E1: Average
D2: English | E2: =AVERAGE('Grade Management'!C3:C52) -> 72.44
A3: Topper Name | B3: =INDEX('Grade Management'!B3:B52,MATCH(MAX('Grade Management'!N3:N52),'Grade Management'!N3:N52,0)) -> Zohan khan | D3: Math | E3: =AVERAGE('Grade Management'!D3:D52) -> 74.68
A4: Highest Percentage | B4: =MAX('Grade Management'!N3:N52) -> 93.5 | D4: Physics | E4: =AVERAGE('Grade Management'!E3:E52) -> 73.96
A5: Average Percentage | B5: =AVERAGE('Grade Management'!N3:N52) -> 73.662 | D5: Chemistry | E5: =AVERAGE('Grade Management'!F3:F52) -> 73.7
D6: Biology | E6: =AVERAGE('Grade Management'!G3:G52) -> 73.46
D7: Computer | E7: =AVERAGE('Grade Management'!H3:H52) -> 74.26
D8: Urdu | E8: =AVERAGE('Grade Management'!I3:I52) -> 73.3
D9: Islamiat | E9: =AVERAGE('Grade Management'!J3:J52) -> 74.28
D10: Statistics | E10: =AVERAGE('Grade Management'!K3:K52) -> 72.84
D11: Economics | E11: =AVERAGE('Grade Management'!L3:L52) -> 73.7
A15: Babar Ali
A16: Saba amir
A17: Hania shezad
A18: Sarim Mustafa
A19: Haris Khan
A20: Aiza Nabeel
A21: Farzan Ahmed
A22: Rehan Jawwad
A23: Dua Fatima
A24: Eshal Kashif
A25: Hashir Khan
A26: Mehwish Rehan
... A64: Kabeer Ahmed

Sheet Filtering Data
A3: Row Labels | B3: Sum of Total | C3: Sum of Percentage | D3: Sum of Rank | E3: Sum of Attendance %
A4: Aiza Nabeel | B4: 770 | C4: 77 | D4: 16 | E4: 87
A5: B | B5: 770 | C5: 77 | D5: 16 | E5: 87
A6: Pass | B6: 770 | C6: 77 | D6: 16 | E6: 87
A7: Dua Fatima | B7: 791 | C7: 79.1 | D7: 7 | E7: 90
A8: Grand Total | B8: 1561 | C8: 156.1 | D8: 23 | E8: 177

Sheet report
A3: ADVANCED STUDENT GRADE MANAGEMENT SYSTEM
A4: Project Report
A5: Submitted By
A6: Name: HIRA KASHIF
A7: Student ID: 505106
A8: Institution: Bano Qabil
A11: Abstract
A12: The Advanced Student Grade Management System is an Excel-based application developed to automate the process of recording, calculating, analyzing, and reporting student academic performance. The system maintains student records, subject-wise marks, attendance information, grades, rankings, and performance statistics. It reduces manual effort, minimizes calculation errors, and provides quick access to academic reports through automated formulas, charts, dashboards, and data validation features.
A13: The project demonstrates the practical use of Microsoft Excel in educational data management and decision-making.
A16: Introduction
A17: Educational institutions manage large amounts of student academic data. Traditional manual methods are time-consuming and prone to errors. The Advanced Student Grade Management System provides a computerized solution using Microsoft Excel.
A18: The system automates:
... A85: Total marks are calculated automatically using:
A86: =SUM(C2:L2) -> 0
A87: Percentage
A88: Percentage is calculated using:
A89: =(Total Marks / 1000) × 100
A92: 4. Grade Calculation
A93: Percentage | B93: Grade
A94: 90 – 100 | B94: A+
A95: 80 – 89 | B95: A
A96: 70 – 79 | B96: B
A97: 60 – 69 | B97: C
A98: 50 – 59 | B98: D
A99: Below 50 | B99: F
A102: 5. Status Determination
A103: Students are classified as:
A104: · Pass
A105: · Fail
A106: Based on minimum passing criteria.
A109: 6. Student Ranking
A110: Ranks are generated automatically using Excel formulas.
A111: Example:
A112: =RANK(M2,$M
A113: M$51,0)
A116: 7. Highest and Lowest Marks
A117: The system identifies:
... A207: The project demonstrates how spreadsheet technology can be utilized to create a powerful and practical academic management solution.
